{
   "ownerNumber": [
    "628xxxxx@s.whatsapp.net", 
    "628xxxxx@s.whatsapp.net",
    "628xxxxx@s.whatsapp.net"
  ],
  "autobio": false,
  "notifRegister": false,
  "onlyRegister": false,
  "anticall": true,
  "gconly": false,
  "pconly": false,
  "autorespond": false,
  "autoblok212": true,
  "autoread": true,
  "autocv": true,
  "prefix": false,
  "antispams": false,
  "autotyping": false,
  "gamewaktu": 60000, 
  "limitCount": 100,
  "toxicCount": 5, 
  "Antilink2Count": 5, 
  "gcount": {
    "prem": 500,
    "user": 15
  }
}